n_samples,n_epochs,time,accuracy
20,100,5.530424118041992,1.0
40,100,18.369855165481567,1.0
60,100,34.52221989631653,1.0
80,100,53.55967402458191,1.0
100,100,73.48361086845398,1.0
120,100,93.10315918922424,1.0
140,100,113.27025699615479,1.0
160,100,133.13186407089233,1.0
180,100,148.90441393852234,1.0
200,100,168.47614812850952,1.0
