n_samples,n_epochs,time,accuracy
20,100,0.11909400000000001,1.0
40,100,0.23259199999999999,1.0
60,100,0.33910600000000002,1.0
80,100,0.46889599999999998,1.0
100,100,0.62408600000000003,1.0
120,100,0.66990000000000005,1.0
140,100,0.796211,1.0
160,100,0.86902999999999997,1.0
180,100,1.004883,1.0
200,100,1.3147789999999999,1.0