n_samples,n_epochs,time,accuracy
20,100,0.17068959999999994,1.0
40,100,0.33195699999999995,1.0
60,100,0.5176434,1.0
80,100,0.6120601999999999,1.0
100,100,0.7962078,1.0
120,100,0.9371691999999999,1.0
140,100,1.1063078000000002,1.0
160,100,1.2578928,1.0
180,100,1.4168775999999998,1.0
200,100,1.6998294,1.0
