n_samples,n_epochs,time,accuracy
20,100,5.501450061798096,1.0
40,100,18.15193796157837,1.0
60,100,34.85137414932251,1.0
80,100,55.069464921951294,1.0
100,100,75.1777069568634,1.0
120,100,95.08159804344177,1.0
140,100,113.34918689727783,1.0
160,100,133.18515515327454,1.0
180,100,149.8881220817566,1.0
200,100,168.80316495895386,1.0
