n_samples,n_epochs,time,accuracy
20,100,5.589963912963867,1.0
40,100,18.288732767105103,1.0
60,100,34.45664191246033,1.0
80,100,53.649574995040894,1.0
100,100,73.88351011276245,1.0
120,100,94.39376997947693,1.0
140,100,113.53578281402588,1.0
160,100,130.38056302070618,1.0
180,100,149.41601467132568,1.0
200,100,169.58489108085632,1.0
