n_samples,n_epochs,time,accuracy
20,100,0.15434559999999997,1.0
40,100,0.3106345999999999,1.0
60,100,0.482042,1.0
80,100,0.6260006,1.0
100,100,0.8163165999999998,1.0
120,100,0.9707668,1.0
140,100,1.1610521999999999,1.0
160,100,1.2842894,1.0
180,100,1.4551174,1.0
200,100,1.7032228,1.0
