n_samples,n_epochs,time,accuracy
20,100,0.14996100000000001,1.0
40,100,0.29269800000000001,1.0
60,100,0.45458100000000001,1.0
80,100,0.604433,1.0
100,100,0.79199900000000001,1.0
120,100,0.92695799999999995,1.0
140,100,1.1062149999999999,1.0
160,100,1.253728,1.0
180,100,1.4262699999999999,1.0
200,100,1.7268319999999999,1.0