n_samples,n_epochs,time,accuracy
20,100,0.153589,1.0
40,100,0.31648399999999999,1.0
60,100,0.48011100000000001,1.0
80,100,0.61906399999999995,1.0
100,100,0.819353,1.0
120,100,0.96576300000000004,1.0
140,100,1.1304369999999999,1.0
160,100,1.2787470000000001,1.0
180,100,1.4423010000000001,1.0
200,100,1.682877,1.0