n_samples,n_epochs,time,accuracy
20,100,0.14333199999999999,1.0
40,100,0.23097599999999999,1.0
60,100,0.36366700000000002,1.0
80,100,0.48757800000000001,1.0
100,100,0.587121,1.0
120,100,0.75501799999999997,1.0
140,100,0.78928100000000001,1.0
160,100,0.86884700000000004,1.0
180,100,1.0226679999999999,1.0
200,100,1.345062,1.0