n_samples,n_epochs,time,accuracy
20,100,5.642009210586548,1.0
40,100,18.372768354415893,1.0
60,100,35.06233339309692,1.0
80,100,53.927803945541385,1.0
100,100,73.91123838424683,1.0
120,100,94.01477460861204,1.0
140,100,113.45517249107361,1.0
160,100,131.64241285324096,1.0
180,100,149.30068216323852,1.0
200,100,168.71264319419862,1.0
