n_samples,n_epochs,time,accuracy
20,100,0.15751499999999999,1.0
40,100,0.30278899999999997,1.0
60,100,0.46082299999999998,1.0
80,100,0.609178,1.0
100,100,0.78751599999999999,1.0
120,100,0.92375300000000005,1.0
140,100,1.1007940000000001,1.0
160,100,1.2455970000000001,1.0
180,100,1.402825,1.0
200,100,1.6828700000000001,1.0