n_samples,n_epochs,time,accuracy
20,100,5.61487603187561,1.0
40,100,18.696485996246338,1.0
60,100,34.864234924316406,1.0
80,100,53.913877964019775,1.0
100,100,73.49435806274414,1.0
120,100,94.08545589447021,1.0
140,100,113.27753686904907,1.0
160,100,130.6343128681183,1.0
180,100,149.15324902534485,1.0
200,100,168.58109402656555,1.0
