n_samples,n_epochs,time,accuracy
20,100,0.15354000000000001,1.0
40,100,0.29850300000000002,1.0
60,100,0.47632799999999997,1.0
80,100,0.61416599999999999,1.0
100,100,0.80657999999999996,1.0
120,100,0.95693600000000001,1.0
140,100,1.1140300000000001,1.0
160,100,1.3060769999999999,1.0
180,100,1.4636309999999999,1.0
200,100,1.7094499999999999,1.0