n_samples,n_epochs,time,accuracy
20,100,0.15429399999999999,1.0
40,100,0.30663299999999999,1.0
60,100,0.46613500000000002,1.0
80,100,0.60825499999999999,1.0
100,100,0.79754800000000003,1.0
120,100,0.94212799999999997,1.0
140,100,1.1043620000000001,1.0
160,100,1.2681750000000001,1.0
180,100,1.438266,1.0
200,100,1.718073,1.0