n_samples,n_epochs,time,accuracy
20,100,5.973331928253174,1.0
40,100,18.35682988166809,1.0
60,100,36.61719608306885,1.0
80,100,53.44642782211304,1.0
100,100,73.51700592041016,1.0
120,100,93.40988993644714,1.0
140,100,113.84309887886047,1.0
160,100,130.8801691532135,1.0
180,100,149.14161109924316,1.0
200,100,168.1179177761078,1.0
