n_samples,n_epochs,time,accuracy
20,100,0.150561,1.0
40,100,0.29541099999999998,1.0
60,100,0.45873999999999998,1.0
80,100,0.61004800000000003,1.0
100,100,0.79260299999999995,1.0
120,100,0.93102300000000004,1.0
140,100,1.0895900000000001,1.0
160,100,1.2613559999999999,1.0
180,100,1.4038379999999999,1.0
200,100,1.689144,1.0