n_samples,n_epochs,time,accuracy
20,100,0.121266,1.0
40,100,0.23261899999999999,1.0
60,100,0.372971,1.0
80,100,0.49690299999999998,1.0
100,100,0.58972599999999997,1.0
120,100,0.71176300000000003,1.0
140,100,0.842669,1.0
160,100,0.96830300000000002,1.0
180,100,0.98887499999999995,1.0
200,100,1.228475,1.0