n_samples,n_epochs,time,accuracy
20,100,0.107697,1.0
40,100,0.234847,1.0
60,100,0.340059,1.0
80,100,0.45543400000000001,1.0
100,100,0.61318700000000004,1.0
120,100,0.734155,1.0
140,100,0.92652900000000005,1.0
160,100,0.88138000000000005,1.0
180,100,1.028421,1.0
200,100,1.354555,1.0