n_samples,n_epochs,time,accuracy
20,100,0.12560099999999996,1.0
40,100,0.23036819999999994,1.0
60,100,0.3503708,1.0
80,100,0.4790903999999999,1.0
100,100,0.605847,1.0
120,100,0.7106448,1.0
140,100,0.8443432,1.0
160,100,0.9106178,1.0
180,100,1.0053426,1.0
200,100,1.2806152,1.0
