n_samples,n_epochs,time,accuracy
20,100,0.241117,1.0
40,100,0.462254,1.0
60,100,0.74793799999999999,1.0
80,100,0.62838700000000003,1.0
100,100,0.81137300000000001,1.0
120,100,0.96198399999999995,1.0
140,100,1.1305780000000001,1.0
160,100,1.260608,1.0
180,100,1.413189,1.0
200,100,1.6822280000000001,1.0