n_samples,n_epochs,time,accuracy
20,100,0.149648,1.0
40,100,0.31203700000000001,1.0
60,100,0.48633900000000002,1.0
80,100,0.64342699999999997,1.0
100,100,0.81788400000000006,1.0
120,100,0.98385900000000004,1.0
140,100,1.337188,1.0
160,100,1.2907949999999999,1.0
180,100,1.4562839999999999,1.0
200,100,1.713916,1.0