n_samples,n_epochs,time,accuracy
20,100,0.13661599999999999,1.0
40,100,0.220807,1.0
60,100,0.33605099999999999,1.0
80,100,0.48664099999999999,1.0
100,100,0.61511499999999997,1.0
120,100,0.68238799999999999,1.0
140,100,0.86702599999999996,1.0
160,100,0.96552899999999997,1.0
180,100,0.98186600000000002,1.0
200,100,1.1602049999999999,1.0