n_samples,n_epochs,time,accuracy
20,100,0.15801599999999999,1.0
40,100,0.31188100000000002,1.0
60,100,0.49233100000000002,1.0
80,100,0.62309400000000004,1.0
100,100,0.81351799999999996,1.0
120,100,0.98229299999999997,1.0
140,100,1.1134299999999999,1.0
160,100,1.2635270000000001,1.0
180,100,1.462337,1.0
200,100,1.7126060000000001,1.0