n_samples,n_epochs,time,accuracy
20,100,0.15693499999999999,1.0
40,100,0.31426799999999999,1.0
60,100,0.475101,1.0
80,100,0.63025200000000003,1.0
100,100,0.82424799999999998,1.0
120,100,0.96498300000000004,1.0
140,100,1.1101760000000001,1.0
160,100,1.2823009999999999,1.0
180,100,1.4510339999999999,1.0
200,100,1.697265,1.0